/*CREATE TABLE BANCO(
    CODIGO_BANCO CHAR(3) NOT NULL,
    NOME VARCHAR(50) UNIQUE NOT NULL,
    CONSTRAINT PK_CODIGO_BANCO PRIMARY KEY ( CODIGO_BANCO )
);

CREATE TABLE AGENCIA(
    CODIGO_AGENCIA CHAR(4) NOT NULL,
    NOME VARCHAR(50) NOT NULL,
    CONSTRAINT PK_CODIGO_AGENCIA PRIMARY KEY (CODIGO_AGENCIA)
);

CREATE TABLE ENDERECO(
    ID_ENDERECO INT NOT NULL,
    LOGRADOURO VARCHAR2(45) NOT NULL,
    NUMERO VARCHAR2(5) NOT NULL,
    COMPLEMENTO VARCHAR(50) NOT NULL,
    CEP CHAR(9) NOT NULL,
    CIDADE VARCHAR2(50) NOT NULL,
    ESTADO VARCHAR2(50) NOT NULL,
    PAIS VARCHAR2(50) NOT NULL,
    FK_AGENCIA CHAR(4) NOT NULL,
    CONSTRAINT PK_ENDERECO PRIMARY KEY (ID_ENDERECO),
    CONSTRAINT FK_ENDERECO_AGENCIA FOREIGN KEY (FK_AGENCIA) REFERENCES AGENCIA(CODIGO_AGENCIA)
);

CREATE TABLE CONSOLIDACAO(
    ID_CONSOLIDACAO INT NOT NULL,
    SALDO_ATUAL DECIMAL(10,2) NOT NULL,
    SAQUES DECIMAL(10,2) NOT NULL,
    DEPOSITOS DECIMAL(10,2) NOT NULL,
    NUMERO_DE_CORRENTISTAS INT NOT NULL,
    FK_AGENCIA CHAR(4) NOT NULL,
    CONSTRAINT PL_CONSOLIDACAO PRIMARY KEY (ID_CONSOLIDACAO),
    CONSTRAINT FK_CONSOLIDACAO_AGENCIA FOREIGN KEY (FK_AGENCIA) REFERENCES AGENCIA(CODIGO_AGENCIA)
);

CREATE TABLE CLIENTE(
    CPF_CLIENTE CHAR(14) NOT NULL,
    NOME VARCHAR(50) NOT NULL,
    ESTADO_CIVIL VARCHAR(50) NOT NULL,
    DATA_DE_NASCIMENTO DATE NOT NULL,
    ENDERECO VARCHAR(50) NOT NULL,
    CONSTRAINT PK_CLIENTE PRIMARY KEY (CPF)
);

CREATE TABLE TIPO_GERENTE(
    ID_TIPO_GERENTE INT NOT NULL,
    NOME VARCHAR2(20) NOT NULL,
    CONSTRAINT PK_TIPO_GERENTE PRIMARY KEY (ID_TIPO_GERENTE) 
);

CREATE TABLE GERENTE(
    CPF_GERENTE CHAR(14) NOT NULL,
    CODIGO_FUNCIONARIO CHAR(10) NOT NULL,
    NOME VARCHAR(50) NOT NULL,
    ESTADO_CIVIL VARCHAR(50) NOT NULL,
    DATA_DE_NASCIMENTO DATE NOT NULL,
    ENDERECO VARCHAR(50) NOT NULL,
    FK_AGENCIA CHAR(4) NOT NULL,
    FK_TIPO_GERENTE INT NOT NULL,
    CONSTRAINT PK_CLIENTE PRIMARY KEY (CPF),
    CONSTRAINT FK_TIPO_GERENTE FOREIGN KEY (FK_TIPO_GERENTE) REFERENCES TIPO_GERENTE(ID_TIPO_GERENTE),
    CONSTRAINT FK_GERENTE_AGENCIA FOREIGN KEY (FK_AGENCIA) REFERENCES TIPO_AGENCIA(CODIGO_AGENCIA)
);

CREATE TABLE TIPO_CONTA(
    ID_TIPO_CONTA INT NOT NULL,
    NOME VARCHAR2(20) NOT NULL,
    CONSTRAINT PK_TIPO_CONTA PRIMARY KEY (ID_TIPO_CONTA)    
);

CREATE TABLE CONTA(
    CODIGO_CONTA CHAR(10) NOT NULL UNIQUE,
    SALDO DECIMAL(10,2) NOT NULL,
    FK_AGENCIA CHAR(5) NOT NULL,
    FK_TIPO_CONTA INT NOT NULL,
    CONSTRAINT PK_CONTA PRIMARY KEY (CODIGO_CONTA),
    CONSTRAINT FK_CONTA_AGENCIA FOREIGN KEY (FK_AGENCIA) REFERENCES AGENCIA(CODIGO_AGENCIA),
    CONSTRAINT FK_TIPO_CONTA FOREIGN KEY (FK_TIPO_CONTA) REFERENCES TIPO_CONTA(ID_TIPO_CONTA)
);

CREATE TABLE CONTA_X_GERENTE(
    CPF_GERENTE CHAR(14) NOT NULL,
    CODIGO_CONTA CHAR(10),
    CONSTRAINT PK_CONTA_X_GERENTE PRIMARY KEY (CPF_GERENTE, CODIGO_CONTA),
    CONSTRAINT FK_CPF_GERENTE_CONTA FOREIGN KEY (CPF_GERENTE) REFERENCES GERENTE(CPF_GERENTE),
    CONSTRAINT FK_CODIGO_CONTA_GERENTE FOREIGN KEY (CODIGO_CONTA) REFERENCES CONTA(CODIGO_CONTA)
)

CREATE TABLE CONTA_X_CLIENTE(
    CPF_CLIENTE CHAR(14) NOT NULL,
    CODIGO_CONTA CHAR(10),
    CONSTRAINT PK_CONTA_X_CLIENTE PRIMARY KEY (CPF_CLIENTE, CODIGO_CONTA),
    CONSTRAINT FK_CPF_CLIENTE_CONTA FOREIGN KEY (CPF_CLIENTE) REFERENCES CLIENTE(CPF_CLIENTE),
    CONSTRAINT FK_CODIGO_CONTA_CLIENTE FOREIGN KEY (CODIGO_CONTA) REFERENCES CONTA(CODIGO_CONTA)
)



CREATE TABLE ITEM_X_INVENTARIO(
    ID_ITEM INT NOT NULL,
    ID_INVENTARIO INT NOT NULL,
    QUANTIDADE INT DEFAULT 0 NOT NULL,
    CONSTRAINT PK_ITEM_X_INVENTARIO PRIMARY KEY( ID_ITEM,ID_INVENTARIO ),
    CONSTRAINT FK_ID_ITEM FOREIGN KEY ( ID_ITEM ) REFERENCES ITEM( ID_ITEM ),
    CONSTRAINT FK_ID_INVENTARIO FOREIGN KEY ( ID_INVENTARIO ) REFERENCES INVENTARIO( ID_INVENTARIO )
);*/

CREATE TABLE BANCO(
    CODIGO CHAR(3) PRIMARY KEY NOT NULL,
    NOME VARCHAR2(50) UNIQUE NOT NULL
);

CREATE TABLE PAIS(
    ID_PAIS INT PRIMARY KEY NOT NULL,
    NOME VARCHAR2(50) UNIQUE NOT NULL
);

CREATE TABLE ESTADO(
    ID_ESTADO INT PRIMARY KEY NOT NULL,
    ID_PAIS INT NOT NULL,
    NOME VARCHAR(50) UNIQUE NOT NULL,
    CONSTRAINT FK_ID_PAIS FOREIGN KEY (ID_PAIS) REFERENCES PAIS( ID_PAIS )
);

CREATE TABLE CIDADE(
    ID_CIDADE INT  NOT NULL,
    ID_ESTADO INT NOT NULL,
    NOME VARCHAR2(50) UNIQUE NOT NULL,
    CONSTRAINT PL_ID_CIDADE_ESTADO PRIMARY KEY ( ID_CIDADE, ID_ESTADO ),
    CONSTRAINT FK_ID_ESTADO FOREIGN KEY ( ID_ESTADO ) REFERENCES ESTADO( ID_ESTADO )
);

CREATE TABLE BAIRRO(
    ID_BAIRRO INT NOT NULL,
    ID_CIDADE INT NOT NULL,
    ID_ESTADO INT NOT NULL,
    NOME VARCHAR2(50) NOT NULL,
    CONSTRAINT PK_ID_BAIRRO_CIDADE PRIMARY KEY ( ID_BAIRRO, ID_CIDADE),
    CONSTRAINT FK_ID_CIDADE_ESTADO FOREIGN KEY (ID_CIDADE, ID_ESTADO) REFERENCES CIDADE( ID_CIDADE , ID_ESTADO)
);

CREATE TABLE ENDERECO(
    ID_ENDERECO INT PRIMARY KEY NOT NULL,
    ID_BAIRRO INT NOT NULL,
    ID_CIDADE INT NOT NULL,
    LOGRADOURO VARCHAR2(255) NOT NULL,
    NUMERO INT NOT NULL,
    COMPLEMENTO VARCHAR2(100),
    CEP CHAR(9) NOT NULL,
    CONSTRAINT PK_ID_BAIRRO_CIDADE_2 FOREIGN KEY ( ID_BAIRRO, ID_CIDADE ) REFERENCES BAIRRO( ID_BAIRRO, ID_CIDADE )
);


CREATE TABLE AGENCIA(
    CODIGO CHAR(6) NOT NULL,
    ID_BANCO CHAR(4) NOT NULL,
    ID_ENDERECO INT NOT NULL,
    NOME VARCHAR2(100) NOT NULL,
    CONSTRAINT PK_CODIGO_ID_BANCO PRIMARY KEY (CODIGO, ID_BANCO),
    CONSTRAINT FK_ID_BANCO FOREIGN KEY ( ID_BANCO ) REFERENCES BANCO( CODIGO ),
    CONSTRAINT FK_ID_ENDERECO FOREIGN KEY (ID_ENDERECO) REFERENCES ENDERECO( ID_ENDERECO )
);


CREATE TABLE CONSOLIDACAO(
    ID_CONSOLIDACAO INT PRIMARY KEY NOT NULL,
    FK_CODIGO CHAR(6) NOT NULL,
    ID_BANCO CHAR(4) NOT NULL,
    SALDO_ATUAL DECIMAL(18,2) NOT NULL,
    SAQUES DECIMAL (18,2) NOT NULL,
    DEPOSITOS DECIMAL(18,2) NOT NULL,
    NUMERO_CORRENTISTA INT NOT NULL,
    CONSTRAINT FK_CODIGO_ID_BANCO FOREIGN KEY (FK_CODIGO, ID_BANCO) REFERENCES AGENCIA(CODIGO, ID_BANCO)
);

CREATE TABLE TIPO_CONTA(
    ID_TIPO_CONTA INT PRIMARY KEY NOT NULL,
    NOME VARCHAR2(20) NOT NULL
);

CREATE TABLE CONTA(
    CODIGO INT NOT NULL,
    CODIGO_AGENCIA CHAR(6) NOT NULL,
    ID_BANCO CHAR(4) NOT NULL,
    TIPO_CONTA INT NOT NULL,
    SALDO DECIMAL(18,2) DEFAULT 0.0 NOT NULL,
    CONSTRAINT PK_CODIGO PRIMARY KEY ( CODIGO ),
    CONSTRAINT FK_TIPO_CONTA FOREIGN KEY ( TIPO_CONTA ) REFERENCES TIPO_CONTA( ID_TIPO_CONTA ),
    CONSTRAINT FK_CODIGO_AGENCIA FOREIGN KEY ( CODIGO_AGENCIA, ID_BANCO ) REFERENCES AGENCIA( CODIGO, ID_BANCO )
);

CREATE TABLE MOVIMENTACOES(
    ID_MOVIMENTACOES INT PRIMARY KEY NOT NULL,
    CODIGO INT NOT NULL,
    TIPO VARCHAR2(10) CHECK( TIPO IN ( 'DEBITO', 'CREDITO' ) ),
    VALOR DECIMAL(18,2) NOT NULL,
    CONSTRAINT FK_CODIGO_CONTA FOREIGN KEY ( CODIGO ) REFERENCES CONTA( CODIGO )
);

CREATE TABLE CLIENTE(
    CPF CHAR(14) NOT NULL,
    NOME VARCHAR2(100) NOT NULL,
    DATA_NASCIMENTO CHAR(10) NOT NULL,
    ESTADO_CIVIL VARCHAR2(20) CHECK( ESTADO_CIVIL IN ( 'SOLTEIRO', 'CASADO', 'DIVORCIADO', 'UNIAO ESTAVEL', 'VIUVO' ) ),
    CONSTRAINT PK_CLIENTE PRIMARY KEY (CPF)
);

CREATE TABLE CLIENTE_X_ENDERECO(
    ID_CLIENTE CHAR(14) NOT NULL,
    ID_ENDERECO INT NOT NULL,
    CONSTRAINT PK_ID_CLIENTE_ENDERECO PRIMARY KEY (ID_CLIENTE, ID_ENDERECO),
    CONSTRAINT FK_ID_ENDERECO_2 FOREIGN KEY ( ID_ENDERECO ) REFERENCES ENDERECO ( ID_ENDERECO ),
    CONSTRAINT FK_ID_CLIENTE FOREIGN KEY ( ID_CLIENTE ) REFERENCES CLIENTE ( CPF )
);

CREATE TABLE CLIENTE_X_CONTA(
    ID_CLIENTE CHAR(14) NOT NULL,
    CODIGO INT NOT NULL,
    ID_BANCO CHAR(4) NOT NULL,
    TIPO_CONTA INT NOT NULL,
    CONSTRAINT PK_CLIENTE_ID_BANCO_TIPO_CONTA PRIMARY KEY (  ID_CLIENTE, ID_BANCO, TIPO_CONTA ),
    CONSTRAINT FK_ID_BANCO_2 FOREIGN KEY ( ID_BANCO ) REFERENCES BANCO( CODIGO ),
    CONSTRAINT FK_CODIGO_CONTA_2 FOREIGN KEY ( CODIGO ) REFERENCES CONTA( CODIGO ),
    CONSTRAINT FK_TIPO_CONTA_2 FOREIGN KEY (TIPO_CONTA) REFERENCES TIPO_CONTA(ID_TIPO_CONTA),
    CONSTRAINT FK_ID_CLIENTE_2 FOREIGN KEY (ID_CLIENTE) REFERENCES CLIENTE(CPF)
);

CREATE TABLE GERENTE(
    CPF CHAR(14) PRIMARY KEY NOT NULL,
    FK_CODIGO CHAR(6) NOT NULL,
    ID_BANCO CHAR(4) NOT NULL,
    CODIGO_FUNCIONARIO INT NOT NULL,
    TIPO_GERENTE VARCHAR2(2) CHECK(TIPO_GERENTE IN ('GC', 'GG')),
    CONSTRAINT  FK_ID_CLIENTE_3 FOREIGN KEY ( CPF ) REFERENCES CLIENTE( CPF ),
    CONSTRAINT FK_CODIGO_ID_BANCO_2 FOREIGN KEY (FK_CODIGO, ID_BANCO ) REFERENCES AGENCIA(CODIGO, ID_BANCO)
);

CREATE TABLE GERENTE_X_CONTA(
    CPF CHAR(14) NOT NULL,
    CODIGO INT NOT NULL,
    CONSTRAINT PK_CPF_CODIGO_CONTA PRIMARY KEY (  CPF, CODIGO ),
    CONSTRAINT FK_CODIGO_CONTA_3 FOREIGN KEY ( CODIGO ) REFERENCES CONTA( CODIGO ),
    CONSTRAINT FK_ID_CLIENTE_4 FOREIGN KEY (CPF) REFERENCES CLIENTE(CPF)
);

INSERT INTO BANCO (CODIGO, NOME) VALUES ( '011', 'BANCO ALFA');
INSERT INTO PAIS(ID_PAIS, NOME) VALUES ( 1, 'BRASIL');
INSERT INTO ESTADO (ID_ESTADO, ID_PAIS, NOME) VALUES (1, 1, 'ACRE');
INSERT INTO CIDADE (ID_CIDADE, ID_ESTADO, NOME) VALUES (1, 1, 'RIO BRANCO');
INSERT INTO BAIRRO (ID_BAIRRO, ID_CIDADE, ID_ESTADO, NOME) VALUES (1, 1, 1, 'CENTRO');
INSERT INTO ENDERECO (ID_ENDERECO, ID_BAIRRO, ID_CIDADE, LOGRADOURO, NUMERO, COMPLEMENTO, CEP)
            VALUES(1, 1, 1, 'RUA TESTANDO', 55, 'LOJA 1', '96745000');
INSERT INTO AGENCIA( CODIGO, ID_BANCO, ID_ENDERECO, NOME ) VALUES ( '0001', '011', 1, 'WEB');

INSERT INTO BANCO (CODIGO, NOME) VALUES ( '051', 'BANRISUL');
INSERT INTO ESTADO (ID_ESTADO, ID_PAIS, NOME) VALUES (2, 1, 'RIO GRANDE DO SUL');
INSERT INTO CIDADE (ID_CIDADE, ID_ESTADO, NOME) VALUES (2, 2, 'PORTO ALEGRE');
INSERT INTO BAIRRO (ID_BAIRRO, ID_CIDADE, ID_ESTADO, NOME) VALUES (2, 2, 2, 'CENTRO');
INSERT INTO ENDERECO (ID_ENDERECO, ID_BAIRRO, ID_CIDADE, LOGRADOURO, NUMERO, COMPLEMENTO, CEP)
            VALUES(2, 2, 2, 'ORLA DO GUAIBA', 121, 'LOJA 5', '63145222');
INSERT INTO AGENCIA( CODIGO, ID_BANCO, ID_ENDERECO, NOME ) VALUES ( '0001', '051', 2, 'AGENCIA ORLA');

INSERT INTO BANCO (CODIGO, NOME) VALUES ( '777', 'BANCO ESPANOL');
INSERT INTO PAIS(ID_PAIS, NOME) VALUES ( 2, 'ARGENTINA');
INSERT INTO ESTADO (ID_ESTADO, ID_PAIS, NOME) VALUES (3, 2, 'ESTADO ARGENTIDO');
INSERT INTO CIDADE (ID_CIDADE, ID_ESTADO, NOME) VALUES (3, 3, 'BUENOS AIRES');
INSERT INTO BAIRRO (ID_BAIRRO, ID_CIDADE, ID_ESTADO, NOME) VALUES (3, 3, 3, 'CIENTRO');
INSERT INTO ENDERECO (ID_ENDERECO, ID_BAIRRO, ID_CIDADE, LOGRADOURO, NUMERO, COMPLEMENTO, CEP)
            VALUES(3, 3, 3, 'ESTADIO RIVER', 333, 'PORTAO 3', '63145222');
INSERT INTO AGENCIA( CODIGO, ID_BANCO, ID_ENDERECO, NOME ) VALUES ( '0001', '777', 3, 'WEB');

INSERT INTO PAIS(ID_PAIS, NOME) VALUES ( 3, 'URUGUAI');

select * from AGENCIA;

SELECT * FROM CIDADE;

SELECT PAIS.NOME as NOME_PAIS, AGENCIA.ID_BANCO as CODIGO_BANCO
FROM AGENCIA
INNER JOIN ENDERECO
ON ENDERECO.ID_ENDERECO = AGENCIA.id_endereco
INNER JOIN BAIRRO
ON ENDERECO.ID_BAIRRO = BAIRRO.ID_BAIRRO
INNER JOIN CIDADE
ON BAIRRO.ID_CIDADE = CIDADE.ID_CIDADE
INNER JOIN ESTADO
ON CIDADE.ID_ESTADO = ESTADO.ID_ESTADO
INNER JOIN PAIS
ON ESTADO.ID_PAIS = PAIS.ID_PAIS
GROUP BY PAIS.NOME,AGENCIA.ID_BANCO;


/*SELECT * FROM PAIS;
SELECT 'ARGENTINA' FROM PAIS;

SELECT PS.ID_PAIS AS ID,
        PS.NOME AS PAIS
FROM PAIS PS INNER JOIN ESTADO ON PS.ID_PAIS = ESTADO.ID_PAIS;

SELECT PS.ID_PAIS AS ID,
        PS.NOME AS PAIS,
        ESTADO.NOME
FROM PAIS PS LEFT OUTER JOIN ESTADO ON PS.ID_PAIS = ESTADO.ID_PAIS;

SELECT PS.ID_PAIS AS ID,
        PS.NOME AS PAIS,
        ESTADO.NOME,
        CIDADE.NOME
FROM PAIS PS LEFT OUTER JOIN ESTADO ON PS.ID_PAIS = ESTADO.ID_PAIS
LEFT OUTER JOIN CIDADE ON ESTADO.ID_ESTADO = CIDADE.ID_ESTADO;*/

SELECT PAIS.NOME AS PAIS,
       BB.CODIGO,
       BB.NOME AS BANCO,
       ENDER.*
FROM BANCO BB INNER JOIN AGENCIA AG
    ON BB.CODIGO = AG.ID_BANCO
INNER JOIN ENDERECO ENDER
    ON AG.ID_ENDERECO = ENDER.ID_ENDERECO
INNER JOIN CIDADE CITY
    ON CITY.ID_CIDADE = ENDER.ID_CIDADE
INNER JOIN ESTADO
    ON CITY.ID_ESTADO = ESTADO.ID_ESTADO
INNER JOIN PAIS
    ON PAIS.ID_PAIS = ESTADO.ID_PAIS
WHERE PAIS.NOME LIKE 'BRA%';

SELECT *
FROM AGENCIA
INNER JOIN CONTA ON AGENCIA.CODIGO = CONTA.CODIGO_AGENCIA
INNER JOIN CLIENTE_X_CONTA CXC ON CXC.CODIGO = CONTA.CODIGO
INNER JOIN CLIENTE ON CLIENTE.CPF = CXC.ID_CLIENTE
INNER JOIN CLIENTE_X_ENDERECO CXE ON CXE.ID_CLIENTE = CLIENTE.CPF
INNER JOIN ENDERECO ON CXE.ID_ENDERECO = ENDERECO.ID_ENDERECO
INNER JOIN ENDERECO END_AGENCIA ON AGENCIA.ID_ENDERECO = END_AGENCIA.ID_ENDERECO


